review,label
"Service impeccable, livraison rapide, je recommande.",positive
"Produit cassé à l'arrivée et aucune réponse du service client.",negative
"Très bon rapport qualité prix, conforme à la description.",positive
"Commande jamais reçue, remboursement toujours en attente.",negative
"Le film est long mais les acteurs sont excellents.",positive
"Ennuyeux du début à la fin, je me suis endormi.",negative
"Emballage soigné, produit fidèle aux photos.",positive
"Taille trop petite et retour payant, déçu.",negative
"Interface simple, prise en main en cinq minutes.",positive
"Application qui plante à chaque ouverture depuis la mise à jour.",negative
